{
	"format_version": "1.8.0",
	"animations": {
		"dance": {
			"animation_length": 1.4,
			"bones": {
				"bone5": {
					"rotation": {
						"0.0": [0, 0, 0],
						"0.52": [0, 0, 0],
						"1.4": [0, 0, 0]
					}
				},
				"bone3": {
					"rotation": {
						"0.0": [-45.68718, 8.80348, -8.90928],
						"0.52": [-45.24614, -5.29571, 5.31847],
						"1.4": [-45.68718, 8.80348, -8.90928]
					}
				},
				"neck": {
					"rotation": [12.5, 0, 0]
				},
				"head": {
					"rotation": {
						"0.0": [17.5, 0, 0],
						"0.68": [7.5, 0, 0],
						"1.4": [17.5, 0, 0]
					}
				},
				"legleft1": {
					"rotation": {
						"0.0": [24.26782, -4.2453, 19.5623],
						"0.68": [-83.08419, 1.28567, -17.6268],
						"1.4": [24.26782, -4.2453, 19.5623]
					}
				},
				"legright1": {
					"rotation": {
						"0.0": [-32.5, 0, 0],
						"0.68": [33.86081, 5.24826, -24.47761],
						"1.4": [-32.5, 0, 0]
					}
				}
			}
		},
		"idle": {
			"loop": true,
			"animation_length": 2.16,
			"bones": {
				"neck": {
					"rotation": {
						"0.0": [0, 0, 0],
						"1.12": [0, 0, 0],
						"2.12": [0, 0, 0]
					},
					"position": {
						"0.0": [0, 0, 0],
						"1.12": [0, -0.3, 0],
						"2.12": [0, 0, 0]
					}
				},
				"ear1": {
					"rotation": {
						"0.0": [0, 0, 0],
						"1.12": [0.23032, -1.50179, -17.43745],
						"2.12": [0, 0, 0]
					}
				},
				"ear2": {
					"rotation": {
						"0.0": [0, 0, 0],
						"1.12": [0.04256, 0.65182, 7.47178],
						"2.12": [0, 0, 0]
					}
				},
				"bone": {
					"rotation": {
						"0.0": [0, 0, 0],
						"0.68": [0, 0, 0]
					}
				}
			}
		},
		"attack": {
			"animation_length": 1,
			"bones": {
				"neck": {
					"rotation": {
						"0.0": [0, 0, 0],
						"0.52": [27.5, 0, 0],
						"0.68": [0, 0, 0]
					},
					"position": {
						"0.24": [0, 0, 0],
						"0.52": [0, 0, -2.5],
						"0.68": [0, 0, 0]
					}
				},
				"bone3": {
					"rotation": {
						"0.0": [0, 0, 0],
						"0.6": [-2.5, 0, 0],
						"1.0": [2.5, 0, 2.5]
					}
				},
				"legleft1": {
					"rotation": {
						"0.0": [0, 0, 0],
						"0.52": [15, 0, 0],
						"0.68": [-2.5, 0, 0]
					}
				},
				"legright1": {
					"rotation": {
						"0.0": [0, 0, 0],
						"0.52": [5, 0, 0]
					}
				}
			}
		},
		"walk": {
			"animation_length": 1,
			"bones": {
				"body": {
					"position": [0, -2, 0]
				},
				"legright1": {
					"rotation": {
						"0.0": [-37.5, 0, 0],
						"0.56": [32.5, 0, 0],
						"0.96": [-37.5, 0, 0]
					},
					"position": {
						"0.0": [0, 1, 0],
						"0.72": [0, 1, 0]
					}
				},
				"legleft1": {
					"rotation": {
						"0.0": [30, 0, 0],
						"0.44": [-45, 0, 0],
						"1.0": [30, 0, 0]
					},
					"position": {
						"0.0": [0, 1, 0],
						"0.6": [0, 1, 0]
					}
				},
				"legleft2": {
					"rotation": {
						"0.0": [-27.5, 0, 0],
						"0.4": [42.5, 0, 0],
						"1.0": [-27.5, 0, 0]
					},
					"position": {
						"0.0": [0, 1, 0],
						"0.56": [0, 1, 0]
					}
				},
				"legright2": {
					"rotation": {
						"0.0": [37.5, 0, 0],
						"0.4": [-40, 0, 0],
						"1.0": [37.5, 0, 0]
					},
					"position": {
						"0.0": [0, 1, 0],
						"0.56": [0, 1, 0]
					}
				},
				"neck": {
					"rotation": {
						"0.0": [2.5, 0, 2.5],
						"0.52": [-2.5, 0, -2.5],
						"1.0": [2.5, 0, 2.5]
					}
				},
				"bone6": {
					"rotation": {
						"0.0": [0, 0, 2.5],
						"0.44": [0, 0, -2.5],
						"0.84": [0, 0, 2.5]
					}
				}
			}
		},
		"sprint": {
			"animation_length": 0.64,
			"bones": {
				"legright1": {
					"rotation": {
						"0.0": [-37.5, 0, 0],
						"0.24": [40, 0, 0]
					},
					"position": {
						"0.0": [0, 1.4, 0],
						"0.24": [0, 1.4, 0]
					}
				},
				"legleft1": {
					"rotation": {
						"0.0": [-37.5, 0, 0],
						"0.24": [42.5, 0, 0]
					},
					"position": [0, 1.4, 0]
				},
				"legleft2": {
					"rotation": {
						"0.0": [47.5, 0, 0],
						"0.24": [-40, 0, 0]
					},
					"position": [0.2, 1.5, 0]
				},
				"legright2": {
					"rotation": {
						"0.0": [47.5, 0, 0],
						"0.24": [-40, 0, 0]
					},
					"position": [-0.2, 1.4, 0]
				},
				"bone5": {
					"position": {
						"0.0": [0, -2, 0],
						"0.24": [0, -1, 0],
						"0.64": [0, 0, 0]
					}
				},
				"bone4": {
					"position": [0, 0, 0]
				},
				"bone6": {
					"rotation": {
						"0.0": [0, 0, 2.5],
						"0.24": [0, 0, -2.5],
						"0.64": [0, 0, 2.5]
					}
				}
			}
		},
		"play": {
			"animation_length": 0.8,
			"bones": {
				"bone6": {
					"rotation": {
						"0.0": [0, 0, 0],
						"0.16": [0, 0, -2.5],
						"0.32": [0, 0, 0],
						"0.48": [0, 0, 2.5],
						"0.68": [0, 0, 0]
					}
				},
				"tail": {
					"rotation": {
						"0.0": [0, 0, 0],
						"0.16": [0, 0, -2.5],
						"0.32": [0, 0, 0],
						"0.48": [0, 0, 2.5],
						"0.68": [0, 0, 0]
					}
				},
				"neck": {
					"rotation": {
						"0.0": [0, 0, 0],
						"0.16": [0, 0, -2.5],
						"0.32": [0, 0, 0],
						"0.48": [0, 0, 2.5],
						"0.68": [0, 0, 0]
					}
				},
				"head": {
					"rotation": {
						"0.0": [0, 0, 0],
						"0.32": [-30, 0, 0],
						"0.8": [0, 0, 0]
					}
				},
				"legright1": {
					"rotation": {
						"0.0": [0, 0, 0],
						"0.16": [0, 0, -2.5],
						"0.32": [-27.5, 0, 0],
						"0.48": [-7.5, 0, 2.5],
						"0.68": [0, 0, 0]
					}
				}
			}
		},
		"dead": {
			"loop": "hold_on_last_frame",
			"animation_length": 1.28,
			"bones": {
				"legright1": {
					"rotation": {
						"0.0": [0, 0, 0],
						"0.2": [60, 0, 0]
					},
					"position": {
						"0.0": [0, 0, 0],
						"0.2": [-0.1, 1, 0]
					}
				},
				"legleft1": {
					"rotation": {
						"0.0": [0, 0, 0],
						"0.2": [57.5, 0, 0]
					},
					"position": {
						"0.0": [0, 0, 0],
						"0.2": [0.1, 1, 0]
					}
				},
				"neck": {
					"rotation": {
						"0.0": [0, 0, 0],
						"0.2": [20, 0, 0]
					}
				},
				"legleft2": {
					"rotation": {
						"0.28": [0, 0, 0],
						"0.64": [72.5, 0, 0],
						"0.84": [72.5, 0, 0]
					}
				},
				"legright2": {
					"rotation": {
						"0.28": [0, 0, 0],
						"0.64": [72.5, 0, 0]
					}
				},
				"bone3": {
					"rotation": {
						"0.0": [0, 0, 0],
						"0.2": [35, 0, 0],
						"1.28": [-2.5, 0, 0]
					},
					"position": {
						"0.0": [0, 0, 0],
						"1.28": [0, 0, 0]
					}
				},
				"bone5": {
					"rotation": {
						"0.36": [0, 0, 0],
						"1.28": [0, 0, 85]
					},
					"position": {
						"0.0": [0, 0, 0],
						"1.28": [0, 3, 0]
					}
				}
			}
		},
		"hide": {
			"animation_length": 1.04,
			"bones": {
				"bone6": {
					"rotation": {
						"0.0": [0, 0, 0],
						"0.2": [0, 0, -1],
						"0.44": [0, 0, 0],
						"0.76": [0, 0, 1],
						"1.04": [0, 0, 0]
					}
				},
				"tail": {
					"rotation": {
						"0.0": [0, 0, 0],
						"0.2": [0, 0, -1],
						"0.44": [0, 0, 0],
						"0.76": [0, 0, 1],
						"1.04": [0, 0, 0]
					}
				},
				"neck": {
					"rotation": {
						"0.0": [0, 0, 0],
						"0.32": [75, 0, 0],
						"0.64": [75, 0, 0],
						"1.04": [0, 0, 0]
					},
					"position": {
						"0.0": [0, 0, 0],
						"0.32": [0, -5.4, -5.5],
						"0.64": [0, -5.4, -4.9],
						"1.04": [0, 0, 0]
					}
				},
				"head": {
					"rotation": {
						"0.0": [0, 0, 0],
						"0.36": [-42.5, 0, 0],
						"0.52": [-15, 0, 0],
						"0.64": [-42.5, 0, 0],
						"0.76": [-42.5, 0, 0],
						"1.04": [0, 0, 0]
					},
					"position": {
						"0.0": [0, 0, 0],
						"0.32": [0, -1.8, 0],
						"1.04": [0, 0, 0]
					}
				},
				"ear1": {
					"rotation": {
						"0.0": [0, 0, 0],
						"0.32": [0, 0, -5],
						"0.64": [0, 0, 0]
					}
				},
				"ear2": {
					"rotation": {
						"0.0": [0, 0, 0],
						"0.32": [0, 0, 5],
						"0.64": [0, 0, 0]
					}
				}
			}
		}
	}
}