{
	"format_version": "1.8.0",
	"animations": {
		"play": {
			"animation_length": 1,
			"bones": {
				"TailA": {
					"rotation": {
						"0.0": [0, 0, 0],
						"0.4": [82.5, 0, 0],
						"1.0": [0, 0, 0]
					}
				},
				"Neck": {
					"rotation": {
						"0.0": [0, 0, 0],
						"0.36": [-12.5, 0, 0],
						"0.76": [0, 0, 0],
						"1.0": [0, 0, 0]
					}
				},
				"Body": {
					"rotation": {
						"0.0": [0, 0, 0],
						"0.36": [25, 0, 0],
						"0.76": [0, 0, 0],
						"1.0": [0, 0, 0]
					},
					"position": {
						"0.0": [0, 0, 0],
						"0.16": [0, 6.11, 0],
						"0.36": [0, 7, 0],
						"0.76": [0, 0, 0]
					}
				},
				"Leg1A": {
					"rotation": {
						"0.0": [0, 0, 0],
						"0.12": [-50, 0, 0],
						"0.28": [27.5, 0, 0],
						"0.52": [-50, 0, 0],
						"0.8": [0, 0, 0]
					},
					"position": {
						"0.0": [0, 0, 0],
						"0.12": [0, 0, -2],
						"0.28": [0, 0, 0],
						"0.52": [0, 0, -2],
						"0.8": [0, 0, 0]
					}
				},
				"Leg2A": {
					"rotation": {
						"0.0": [0, 0, 0],
						"0.12": [50, 0, 0],
						"0.28": [-27.5, 0, 0],
						"0.52": [50, 0, 0],
						"0.8": [0, 0, 0]
					},
					"position": {
						"0.0": [0, 0, 0],
						"0.12": [0, 0, 2],
						"0.28": [0, 0, 0],
						"0.52": [0, 0, 2],
						"0.8": [0, 0, 0]
					}
				},
				"Leg3A": {
					"rotation": {
						"0.0": [0, 0, 0],
						"0.36": [-25, 0, 0],
						"0.76": [0, 0, 0]
					}
				},
				"Leg4A": {
					"rotation": {
						"0.0": [0, 0, 0],
						"0.36": [-25, 0, 0],
						"0.76": [0, 0, 0]
					}
				},
				"bone2": {
					"rotation": {
						"0.04": [0, 0, 0],
						"0.16": [2.58937, -2.30644, -4.43745],
						"0.28": [5, 0, 0],
						"0.44": [2.86654, 2.28492, 4.44856],
						"0.64": [0, 0, 0]
					}
				},
				"Mane": {
					"rotation": {
						"0.16": [0, 0, 0],
						"0.44": [15, 0, 0],
						"0.72": [0, 0, 0]
					}
				}
			}
		},
		"idle": {
			"loop": true,
			"animation_length": 2.4,
			"bones": {
				"TailA": {
					"rotation": {
						"0.0": {
							"vector": [0, 0, 0]
						},
						"0.5": {
							"vector": [0, 0, 7.5]
						},
						"1.2": {
							"vector": [10, 0, 0]
						},
						"1.9": {
							"vector": [0, 0, -7.5]
						},
						"2.4": {
							"vector": [0, 0, 0]
						}
					}
				},
				"Neck": {
					"rotation": {
						"0.0": {
							"vector": [0, 0, 0]
						},
						"1.2": {
							"vector": [5, 0, 0]
						},
						"2.4": {
							"vector": [0, 0, 0]
						}
					},
					"position": {
						"0.0": {
							"vector": [0, 0, 0]
						},
						"1.2": {
							"vector": [0, -0.6, 0]
						},
						"2.4": {
							"vector": [0, 0, 0]
						}
					}
				},
				"bone": {
					"position": {
						"0.0": {
							"vector": [0, 0, 0]
						},
						"1.2": {
							"vector": [0, -0.45, 0]
						},
						"2.4": {
							"vector": [0, 0, 0]
						}
					}
				},
				"Head": {
					"rotation": {
						"0.0": {
							"vector": [0, 0, 0]
						},
						"1.2": {
							"vector": [-12.5, 0, 0]
						},
						"2.4": {
							"vector": [0, 0, 0]
						}
					}
				},
				"Mane": {
					"rotation": {
						"0.0": {
							"vector": [0, 0, 0]
						},
						"0.5": {
							"vector": [2.52154, -7.49282, -0.32902]
						},
						"1.1": {
							"vector": [5, 0, 0]
						},
						"1.8": {
							"vector": [2.52154, 7.49282, 0.32902]
						},
						"2.4": {
							"vector": [0, 0, 0]
						}
					}
				}
			}
		},
		"walk": {
			"animation_length": 1.44,
			"bones": {
				"Leg1A": {
					"rotation": {
						"0.0": {
							"vector": [-22.5, 0, 0]
						},
						"0.72": {
							"vector": [22.5, 0, 0]
						},
						"1.44": {
							"vector": [-22.5, 0, 0]
						}
					}
				},
				"Leg2A": {
					"rotation": {
						"0.0": {
							"vector": [22.5, 0, 0]
						},
						"0.72": {
							"vector": [-22.5, 0, 0]
						},
						"1.44": {
							"vector": [22.5, 0, 0]
						}
					}
				},
				"Leg3A": {
					"rotation": {
						"0.0": {
							"vector": [22.5, 0, 0]
						},
						"0.72": {
							"vector": [-22.5, 0, 0]
						},
						"1.44": {
							"vector": [22.5, 0, 0]
						}
					}
				},
				"Leg4A": {
					"rotation": {
						"0.0": {
							"vector": [-22.5, 0, 0]
						},
						"0.72": {
							"vector": [22.5, 0, 0]
						},
						"1.44": {
							"vector": [-22.5, 0, 0]
						}
					}
				},
				"Neck": {
					"rotation": {
						"0.0": {
							"vector": [2.40109, 2.68407, -4.22005]
						},
						"0.56": {
							"vector": [-2.85767, -4.59902, 8.88927]
						},
						"1.44": {
							"vector": [2.40109, 2.68407, -4.22005]
						}
					}
				},
				"bone": {
					"rotation": {
						"0.0": {
							"vector": [0, 0, -5]
						},
						"0.56": {
							"vector": [0, 0, 5]
						},
						"1.44": {
							"vector": [0, 0, -5]
						}
					}
				},
				"bone2": {
					"rotation": {
						"0.0": {
							"vector": [0, 0, 12.5]
						},
						"0.56": {
							"vector": [0, 0, -12.5]
						},
						"1.44": {
							"vector": [0, 0, 12.5]
						}
					}
				}
			}
		},
		"ride": {
			"animation_length": 0.96,
			"bones": {
				"Leg1A": {
					"rotation": {
						"0.0": [-22.5, 0, 0],
						"0.48": [22.5, 0, 0],
						"0.96": [-22.5, 0, 0]
					}
				},
				"Leg2A": {
					"rotation": {
						"0.0": [22.5, 0, 0],
						"0.48": [-22.5, 0, 0],
						"0.96": [22.5, 0, 0]
					}
				},
				"Leg3A": {
					"rotation": {
						"0.0": [22.5, 0, 0],
						"0.48": [-22.5, 0, 0],
						"0.96": [22.5, 0, 0]
					}
				},
				"Leg4A": {
					"rotation": {
						"0.0": [-22.5, 0, 0],
						"0.48": [22.5, 0, 0],
						"0.96": [-22.5, 0, 0]
					}
				},
				"Neck": {
					"rotation": {
						"0.0": [0, 0, 0],
						"0.48": [17.5, 0, 0],
						"0.96": [0, 0, 0]
					}
				},
				"TailA": {
					"rotation": {
						"0.0": [32.5, 0, 0],
						"0.28": [25, 0, 0],
						"0.56": [32.5, 0, 0],
						"0.76": [22.5, 0, 0],
						"0.96": [32.5, 0, 0]
					}
				},
				"Body": {
					"rotation": {
						"0.0": [0, 0, 0],
						"0.24": [0, 0, 0],
						"0.44": [0, 0, 0],
						"0.68": [0, 0, 0],
						"0.96": [0, 0, 0]
					}
				},
				"bone": {
					"rotation": {
						"0.0": [0, 0, 0],
						"0.24": [5, 0, 0],
						"0.48": [0, 0, 0],
						"0.68": [5, 0, 0],
						"0.96": [0, 0, 0]
					}
				},
				"Mane": {
					"rotation": {
						"0.0": [0, 0, 0],
						"0.24": [10, 0, 0],
						"0.44": [0, 0, 0],
						"0.68": [10, 0, 0],
						"0.96": [0, 0, 0]
					}
				},
				"bone2": {
					"rotation": {
						"0.0": [0, 0, 0],
						"0.24": [-32.5, 0, 0],
						"0.52": [-2.5, 0, 0],
						"0.72": [-17.5, 0, 0],
						"0.96": [0, 0, 0]
					}
				},
				"Head": {
					"rotation": {
						"0.0": [0, 0, 0],
						"0.28": [-7.5, 0, 0],
						"0.56": [0, 0, 0],
						"0.76": [-7.5, 0, 0],
						"0.96": [0, 0, 0]
					}
				}
			}
		},
		"hurt": {
			"animation_length": 0.96,
			"bones": {
				"Leg1A": {
					"rotation": {
						"0.0": {
							"vector": [-22.5, 0, 0]
						},
						"0.48": {
							"vector": [22.5, 0, 0]
						},
						"0.96": {
							"vector": [-22.5, 0, 0]
						}
					}
				},
				"Leg2A": {
					"rotation": {
						"0.0": {
							"vector": [22.5, 0, 0]
						},
						"0.48": {
							"vector": [-22.5, 0, 0]
						},
						"0.96": {
							"vector": [22.5, 0, 0]
						}
					}
				},
				"Leg3A": {
					"rotation": {
						"0.0": {
							"vector": [22.5, 0, 0]
						},
						"0.48": {
							"vector": [-22.5, 0, 0]
						},
						"0.96": {
							"vector": [22.5, 0, 0]
						}
					}
				},
				"Leg4A": {
					"rotation": {
						"0.0": {
							"vector": [-22.5, 0, 0]
						},
						"0.48": {
							"vector": [22.5, 0, 0]
						},
						"0.96": {
							"vector": [-22.5, 0, 0]
						}
					}
				},
				"Neck": {
					"rotation": {
						"0.0": {
							"vector": [0, 0, 0]
						},
						"0.36": {
							"vector": [-22.5, 0, 0]
						},
						"0.8": {
							"vector": [0, 0, 0]
						}
					}
				},
				"TailA": {
					"rotation": {
						"0.0": {
							"vector": [32.5, 0, 0]
						},