{
	"format_version": "1.8.0",
	"animations": {
		"walk": {
			"loop": true,
			"animation_length": 0.68,
			"bones": {
				"body": {
					"rotation": {
						"0.0": {
							"vector": [0, 0, 0]
						},
						"0.16": {
							"vector": [0, 0, -5]
						},
						"0.32": {
							"vector": [0, 0, 0]
						},
						"0.48": {
							"vector": [0, 0, 5]
						},
						"0.68": {
							"vector": [0, 0, 0]
						}
					}
				},
				"right_ear": {
					"rotation": {
						"0.0": {
							"vector": [0, 0, 0]
						},
						"0.32": {
							"vector": [0, 0, 7.5]
						},
						"0.68": {
							"vector": [0, 0, 0]
						}
					}
				},
				"left_ear": {
					"rotation": {
						"0.0": {
							"vector": [0, 0, 0]
						},
						"0.32": {
							"vector": [0, 0, -7.5]
						},
						"0.68": {
							"vector": [0, 0, 0]
						}
					}
				},
				"leg_back_right": {
					"rotation": {
						"0.0": {
							"vector": [-24.91643, 2.11089, 4.53359]
						},
						"0.32": {
							"vector": [27.33037, 4.41746, 0.08989]
						},
						"0.68": {
							"vector": [-24.91643, 2.11089, 4.53359]
						}
					},
					"position": {
						"0.0": {
							"vector": [0, 0, 0]
						},
						"0.32": {
							"vector": [0, 2, 0]
						},
						"0.68": {
							"vector": [0, 0, 0]
						}
					}
				},
				"leg_back_left": {
					"rotation": {
						"0.0": {
							"vector": [27.33037, -4.41746, -0.08989]
						},
						"0.32": {
							"vector": [-24.91643, -2.11089, -4.53359]
						},
						"0.68": {
							"vector": [27.33037, -4.41746, -0.08989]
						}
					},
					"position": {
						"0.0": {
							"vector": [0, 2, 0]
						},
						"0.32": {
							"vector": [0, 0, 0]
						},
						"0.68": {
							"vector": [0, 2, 0]
						}
					}
				},
				"leg_front_right": {
					"rotation": {
						"0.0": {
							"vector": [27.33037, 4.41746, 0.08989]
						},
						"0.32": {
							"vector": [-24.91643, 2.11089, 4.53359]
						},
						"0.68": {
							"vector": [27.33037, 4.41746, 0.08989]
						}
					}
				},
				"leg_front_left": {
					"rotation": {
						"0.0": {
							"vector": [-24.91643, -2.11089, -4.53359]
						},
						"0.32": {
							"vector": [27.33037, -4.41746, -0.08989]
						},
						"0.68": {
							"vector": [-24.91643, -2.11089, -4.53359]
						}
					}
				},
				"tail": {
					"rotation": {
						"0.0": {
							"vector": [0, 0, 0]
						},
						"0.16": {
							"vector": [0, 0, -27.5]
						},
						"0.32": {
							"vector": [0, 0, 0]
						},
						"0.48": {
							"vector": [0, 0, 27.5]
						},
						"0.68": {
							"vector": [0, 0, 0]
						}
					}
				}
			}
		},
		"attack": {
			"animation_length": 0.56,
			"bones": {
				"head": {
					"rotation": {
						"0.0": {
							"vector": [0, 0, 0]
						},
						"0.16": {
							"vector": [35, 0, 0]
						},
						"0.24": {
							"vector": [31.52287, 1.1926, 2.19736]
						},
						"0.36": {
							"vector": [19.75984, -2.48771, -2.44167]
						},
						"0.56": {
							"vector": [0, 0, 0]
						}
					}
				},
				"body": {
					"rotation": {
						"0.0": {
							"vector": [0, 0, 0]
						},
						"0.2": {
							"vector": [4.5, 0, 0]
						},
						"0.56": {
							"vector": [0, 0, 0]
						}
					}
				},
				"tail": {
					"rotation": {
						"0.0": {
							"vector": [0, 0, 0]
						},
						"0.2": {
							"vector": [60, 0, 0]
						},
						"0.56": {
							"vector": [0, 0, 0]
						}
					}
				},
				"right_ear": {
					"rotation": {
						"0.0": {
							"vector": [0, 0, 0]
						},
						"0.32": {
							"vector": [0, 0, 57.5]
						},
						"0.56": {
							"vector": [0, 0, 0]
						}
					}
				},
				"left_ear": {
					"rotation": {
						"0.0": {
							"vector": [0, 0, 0]
						},
						"0.32": {
							"vector": [0, 0, -57.5]
						},
						"0.56": {
							"vector": [0, 0, 0]
						}
					}
				},
				"leg_back_right": {
					"rotation": {
						"0.0": {
							"vector": [0, 0, 0]
						},
						"0.2": {
							"vector": [-15, 0, 0]
						},
						"0.56": {
							"vector": [0, 0, 0]
						}
					}
				},
				"leg_back_left": {
					"rotation": {
						"0.0": {
							"vector": [0, 0, 0]
						},
						"0.2": {
							"vector": [-15, 0, 0]
						},
						"0.56": {
							"vector": [0, 0, 0]
						}
					}
				}
			}
		},
		"swim": {
			"loop": true,
			"animation_length": 0.68,
			"bones": {
				"body": {
					"rotation": {
						"0.0": {
							"vector": [0, 0, 0]
						},
						"0.16": {
							"vector": [0, 0, -5]
						},
						"0.32": {
							"vector": [0, 0, 0]
						},
						"0.48": {
							"vector": [0, 0, 5]
						},
						"0.68": {
							"vector": [0, 0, 0]
						}
					}
				},
				"right_ear": {
					"rotation": {
						"0.0": {
							"vector": [0, 0, 0]
						},
						"0.32": {
							"vector": [0, 0, 7.5]
						},
						"0.68": {
							"vector": [0, 0, 0]
						}
					}
				},
				"left_ear": {
					"rotation": {
						"0.0": {
							"vector": [0, 0, 0]
						},
						"0.32": {
							"vector": [0, 0, -7.5]
						},
						"0.68": {
							"vector": [0, 0, 0]
						}
					}
				},
				"leg_back_right": {
					"rotation": {
						"0.0": {
							"vector": [-24.91643, 2.11089, 4.53359]
						},
						"0.32": {
							"vector": [27.33037, 4.41746, 0.08989]
						},
						"0.68": {
							"vector": [-24.91643, 2.11089, 4.53359]
						}
					},
					"position": {
						"0.0": {
							"vector": [0, 0, 0]
						},
						"0.32": {
							"vector": [0, 2, 0]
						},
						"0.68": {
							"vector": [0, 0, 0]
						}
					}
				},
				"leg_back_left": {
					"rotation": {
						"0.0": {
							"vector": [27.33037, -4.41746, -0.08989]
						},
						"0.32": {
							"vector": [-24.91643, -2.11089, -4.53359]
						},
						"0.68": {
							"vector": [27.33037, -4.41746, -0.08989]
						}
					},
					"position": {
						"0.0": {
							"vector": [0, 2, 0]
						},
						"0.32": {
							"vector": [0, 0, 0]
						},
						"0.68": {
							"vector": [0, 2, 0]
						}
					}
				},
				"leg_front_right": {
					"rotation": {
						"0.0": {
							"vector": [27.33037, 4.41746, 0.08989]
						},
						"0.32": {
							"vector": [-24.91643, 2.11089, 4.53359]
						},
						"0.68": {
							"vector": [27.33037, 4.41746, 0.08989]
						}
					}
				},
				"leg_front_left": {
					"rotation": {
						"0.0": {
							"vector": [-24.91643, -2.11089, -4.53359]
						},
						"0.32": {
							"vector": [27.33037, -4.41746, -0.08989]
						},
						"0.68": {
							"vector": [-24.91643, -2.11089, -4.53359]
						}
					}
				},
				"tail": {
					"rotation": {
						"0.0": {
							"vector": [0, 0, 0]
						},
						"0.16": {
							"vector": [0, 0, -27.5]
						},
						"0.32": {
							"vector": [0, 0, 0]
						},
						"0.48": {
							"vector": [0, 0, 27.5]
						},
						"0.68": {
							"vector": [0, 0, 0]
						}
					}
				},
				"head": {
					"rotation": {
						"0.0": {
							"vector": [0, 0, 0]
						},
						"0.28": {
							"vector": [-17.5, 0, 0]
						},
						"0.68": {
							"vector": [0, 0, 0]
						}
					}
				}
			}
		},
		"sprint": {
			"loop": true,
			"animation_length": 0.68,
			"bones": {
				"body": {
					"rotation": {
						"0.0": {
							"vector": [0, 0, 0]
						},
						"0.16": {
							"vector": [0, 0, -5]
						},
						"0.32": {
							"vector": [0, 0, 0]
						},
						"0.48": {
							"vector": [0, 0, 5]
						},
						"0.68": {
							"vector": [0, 0, 0]
						}
					}
				},
				"right_ear": {
					"rotation": {
						"0.0": {
							"vector": [0, 0, 0]
						},
						"0.32": {
							"vector": [0, 0, 32.5]
						},
						"0.68": {
							"vector": [0, 0, 0]
						}
					}
				},
				"left_ear": {
					"rotation": {
						"0.0": {
							"vector": [0, 0, 0]
						},
						"0.32": {
							"vector": [0, 0, -32.5]
						},
						"0.68": {
							"vector": [0, 0, 0]
						}
					}
				},
				"leg_back_right": {
					"rotation": {
						"0.0": {
							"vector": [-47.41643, 2.11089, 4.53359]
						},