{
	"format_version": "1.8.0",
	"animations": {
		"idle": {
			"loop": true,
			"animation_length": 1.2,
			"bones": {
				"body2": {
					"rotation": [0, 0, 0]
				},
				"bone3": {
					"rotation": {
						"0.0": [0, 0, 0],
						"0.72": [7.94241, -1.08238, -29.98191],
						"1.2": [0, 0, 0]
					}
				},
				"bone4": {
					"rotation": {
						"0.0": [0, 0, 0],
						"0.64": [2.61503, 0.33213, -5.1414],
						"1.2": [0, 0, 0]
					}
				},
				"tail1": {
					"rotation": {
						"0.0": [-0.11306, 4.91359, -1.30844],
						"0.64": [0, -15, 0],
						"1.2": [-0.11306, 4.91359, -1.30844]
					}
				},
				"bone2": {
					"rotation": {
						"0.0": [0, 0, 0],
						"0.72": [0.12157, 1.06692, 27.48056],
						"1.2": [0, 0, 0]
					}
				},
				"bone6": {
					"rotation": {
						"0.0": [0, 0, 0],
						"0.64": [0, 0, 25],
						"1.2": [0, 0, 0]
					}
				},
				"bone7": {
					"rotation": {
						"0.0": [0, 0, 0],
						"0.64": [0, 0, -17.5],
						"1.2": [0, 0, 0]
					}
				},
				"bone5": {
					"position": {
						"0.0": [0, 0, 0],
						"0.64": [0, 0.3, 0],
						"1.2": [0, 0, 0]
					}
				},
				"bone8": {
					"rotation": {
						"0.0": [0, 0, 0],
						"0.64": [-1, 0, 0],
						"1.2": [0, 0, 0]
					}
				}
			}
		},
		"attack": {
			"animation_length": 1,
			"bones": {
				"body2": {
					"rotation": {
						"0.0": [0, 0, 0],
						"0.16": [0, 0, 0]
					},
					"position": {
						"0.0": [0, 0, 0],
						"0.16": [0, 0, 2],
						"0.52": [0, 0, 0]
					}
				},
				"bone3": {
					"rotation": {
						"0.16": [0, 0, 0],
						"0.48": [25, 0, 0]
					}
				},
				"bone4": {
					"rotation": {
						"0.16": [0, 0, 0],
						"0.36": [7.59533, 0.77838, -5.09311],
						"0.88": [0, 0, 0]
					},
					"position": {
						"0.0": [0, 0, 0],
						"0.36": [0, 0.1, 1.1],
						"0.72": [0, 0, 0]
					}
				}
			}
		},
		"swim": {
			"animation_length": 1.08,
			"bones": {
				"body": {
					"rotation": {
						"0.0": [0, 0, 0],
						"0.4": [0, 0, 0]
					}
				},
				"tail1": {
					"rotation": {
						"0.0": [0, -20, 0],
						"0.44": [0, 25, 0],
						"1.08": [0, -20, 0]
					},
					"position": {
						"0.0": [1, 0, 0],
						"0.44": [-1, 0, 0],
						"1.08": [1, 0, 0]
					}
				},
				"bone4": {
					"rotation": {
						"0.0": [0, 2.5, 0],
						"0.24": [0, -2.5, 0],
						"0.48": [0, 0, 0],
						"0.72": [0, 10, 0],
						"1.08": [0, 0, 0]
					}
				},
				"bone5": {
					"rotation": {
						"0.0": [0, 0, 0],
						"0.24": [0, 15, 0],
						"0.48": [0, 0, 0],
						"0.72": [0, -25, 0],
						"1.08": [0, 0, 0]
					}
				},
				"bone6": {
					"rotation": {
						"0.0": [0, 2.5, 0],
						"0.24": [0, -2.5, 0],
						"0.48": [0, 0, 0],
						"0.72": [0, 10, 0],
						"1.08": [0, 0, 0]
					}
				},
				"bone7": {
					"rotation": {
						"0.0": [0, 2.5, 0],
						"0.24": [0, -2.5, 0],
						"0.48": [0, 0, 0],
						"0.72": [0, 10, 0],
						"1.08": [0, 0, 0]
					},
					"position": {
						"0.0": [0, 0, 0],
						"0.56": [0, 0, 0]
					}
				},
				"bone8": {
					"rotation": {
						"0.0": [0, 0, 0],
						"0.32": [0, -27.5, 0],
						"0.64": [0, 30, 0],
						"1.08": [0, 0, 0]
					}
				},
				"bone9": {
					"rotation": {
						"0.0": [0, 0, 0],
						"0.32": [0, 20, 0],
						"0.64": [0, -45, 0],
						"1.08": [0, 0, 0]
					}
				}
			}
		},
		"dead": {
			"loop": "hold_on_last_frame",
			"animation_length": 0.56,
			"bones": {
				"bone": {
					"position": {
						"0.0": [0, 0, 0],
						"0.56": [0, 0, 0]
					}
				},
				"tail1": {
					"rotation": {
						"0.0": [0, -10, 0],
						"0.28": [0, 17.5, 0],
						"0.56": [0, -10, 0]
					}
				},
				"bone2": {
					"rotation": {
						"0.0": [0, 0, 0],
						"0.56": [0, 0, 87.5]
					}
				},
				"bone3": {
					"rotation": {
						"0.0": [0, 0, 0],
						"0.56": [0, 0, -92.5]
					}
				},
				"bone4": {
					"rotation": {
						"0.0": [0, 0, 0],
						"0.56": [0, -32.5, 0]
					}
				},
				"bone8": {
					"rotation": {
						"0.0": [0, 0, 0],
						"0.24": [35, 0, 0],
						"0.56": [0, 0, 0]
					}
				},
				"bone9": {
					"rotation": {
						"0.0": [0, 0, 0],
						"0.24": [15, 0, 0],
						"0.56": [0, 0, 0]
					}
				}
			}
		},
		"hurt": {
			"loop": true,
			"animation_length": 0.44,
			"bones": {
				"bone": {
					"rotation": {
						"vector": [0, 0, 87.5]
					},
					"position": {
						"0.0": {
							"vector": [0, 6, 0]
						},
						"0.2": {
							"vector": [0, 0, 0]
						},
						"0.44": {
							"vector": [0, 6, 0]
						}
					}
				},
				"bone3": {
					"rotation": {
						"0.0": {
							"vector": [0, 0, 0]
						},
						"0.16": {
							"vector": [15, 0, 0]
						}
					}
				},
				"body": {
					"rotation": {
						"0.0": {
							"vector": [0, 0, 0]
						},
						"0.2": {
							"vector": [0, 0, 0]
						}
					},
					"position": {
						"0.0": {
							"vector": [0, 0, 0]
						},
						"0.2": {
							"vector": [0, 0, 0]
						}
					}
				},
				"tail1": {
					"rotation": {
						"0.0": {
							"vector": [0, 0, 0]
						},
						"0.16": {
							"vector": [0, 10, 0]
						}
					}
				},
				"bone2": {
					"position": {
						"vector": [-0.04362, -0.99905, 0]
					}
				},
				"bone6": {
					"rotation": {
						"vector": [0, 0, 110]
					},
					"position": {
						"vector": [0.08724, 1.9981, 0]
					}
				},
				"bone7": {
					"rotation": {
						"vector": [0, 0, -110]
					},
					"position": {
						"vector": [0.08724, 1.9981, 0]
					}
				}
			}
		}
	}
}