{
	"format_version": "1.8.0",
	"animations": {
		"play": {
			"animation_length": 0.6,
			"bones": {
				"bone": {
					"rotation": [0, 0, 0],
					"position": {
						"0.0": [0, 1, 0],
						"0.24": [0, 0.22, 0],
						"0.6": [0, 1, 0]
					}
				},
				"body": {
					"rotation": {
						"0.0": [-75, 0, -7.5],
						"0.28": [-75, 0, 2.5],
						"0.6": [-75, 0, -7.5]
					},
					"position": {
						"0.0": [0, 0, 0],
						"0.28": [0, 2, 0],
						"0.6": [0, 0, 0]
					}
				},
				"head": {
					"rotation": [55, 0, 0]
				},
				"l1arm": {
					"rotation": {
						"0.0": [87.95533, 58.52432, 119.71541],
						"0.28": [-62.68903, 75.63763, 71.71425],
						"0.6": [87.95533, 58.52432, 119.71541]
					}
				},
				"r1arm": {
					"rotation": {
						"0.0": [91.49013, -57.36064, -123.88545],
						"0.28": [-69.15563, -77.61301, -65.06876],
						"0.6": [91.49013, -57.36064, -123.88545]
					}
				},
				"r2hand": {
					"rotation": [0, 0, 0]
				},
				"back": {
					"rotation": [0, 0, 0]
				},
				"r2leg": {
					"rotation": {
						"0.0": [0, 0, 10],
						"0.28": [0, 0, 7.5],
						"0.6": [0, 0, 10]
					},
					"position": {
						"0.0": [0, 3, 0],
						"0.28": [0, -1, 0],
						"0.6": [0, 3, 0]
					}
				},
				"l2leg": {
					"rotation": {
						"0.0": [0, 0, -12.5],
						"0.28": [0, 0, 2.5],
						"0.6": [0, 0, -12.5]
					},
					"position": {
						"0.0": [0, 1, 0],
						"0.28": [0, 0, 0],
						"0.6": [0, 1, 0]
					}
				}
			}
		},
		"idle": {
			"loop": true,
			"animation_length": 1.58333,
			"bones": {
				"back": {
					"position": {
						"0.0": [0, 0, 0],
						"0.6667": [0, 0.2046, 0.21941],
						"1.5833": [0, 0, 0]
					}
				}
			}
		},
		"attack": {
			"animation_length": 0.96,
			"bones": {
				"body": {
					"rotation": {
						"0.0": [0, 0, 0],
						"0.8": [-65, 0, 0],
						"0.96": [0, 0, 0]
					}
				},
				"head": {
					"rotation": {
						"0.0": [0, 0, 0],
						"0.72": [32.5, 0, 0],
						"0.96": [0, 0, 0]
					}
				},
				"l1arm": {
					"rotation": {
						"0.0": [0, 0, 0],
						"0.84": [-80, 0, 0],
						"0.96": [0, 0, 0]
					}
				},
				"r1arm": {
					"rotation": {
						"0.0": [0, 0, 0],
						"0.84": [-75, 0, 0],
						"0.96": [0, 0, 0]
					}
				},
				"r2hand": {
					"rotation": {
						"0.0": [0, 0, 0],
						"0.52": [-10, 0, 0],
						"0.96": [0, 0, 0]
					}
				},
				"r2leg": {
					"rotation": {
						"0.0": [0, 0, 0],
						"0.48": [0, 7.5, 0],
						"0.96": [0, 0, 0]
					}
				},
				"l2leg": {
					"rotation": {
						"0.0": [0, 0, 0],
						"0.48": [0, -7.5, 0],
						"0.96": [0, 0, 0]
					}
				}
			}
		},
		"walk": {
			"animation_length": 1.32,
			"bones": {
				"l1arm": {
					"rotation": {
						"0.0": [-40, 0, 0],
						"0.52": [57.5, 0, 0],
						"1.32": [-40, 0, 0]
					}
				},
				"l1hand": {
					"rotation": {
						"0.0": [0, 0, 0],
						"0.52": [37.48677, 2.42032, -0.62632],
						"1.32": [0, 0, 0]
					}
				},
				"r1arm": {
					"rotation": {
						"0.0": [60, 0, 0],
						"0.52": [-35, 0, 0],
						"1.32": [60, 0, 0]
					}
				},
				"r2hand": {
					"rotation": {
						"0.0": [0, 0, 0],
						"0.52": [17.5, 0, 0],
						"1.32": [0, 0, 0]
					}
				},
				"l2leg": {
					"rotation": {
						"0.0": [35, 0, 0],
						"0.52": [-32.5, 0, 7.5],
						"1.32": [35, 0, 0]
					}
				},
				"l2feet": {
					"rotation": [-2.5, 0, 0]
				},
				"r2leg": {
					"rotation": {
						"0.0": [-27.5, 0, 0],
						"0.52": [17.5, 0, -12.5],
						"1.32": [-27.5, 0, 0]
					}
				},
				"head": {
					"rotation": {
						"0.0": [5, 0, 0],
						"0.68": [-2.5, 0, 0],
						"1.32": [5, 0, 0]
					}
				},
				"back": {
					"rotation": {
						"0.0": [0.02721, -1.82811, -1.70557],
						"0.56": [0.02721, 1.82811, 1.70557],
						"1.32": [0.02721, -1.82811, -1.70557]
					}
				}
			}
		},
		"sprint": {
			"animation_length": 0.68,
			"bones": {
				"l1arm": {
					"rotation": {
						"0.0": [52.5, 0, 0],
						"0.28": [-30, 0, 0],
						"0.68": [52.5, 0, 0]
					}
				},
				"l1hand": {
					"rotation": {
						"0.0": [0, 0, 0],
						"0.68": [0, 0, 0]
					}
				},
				"r1arm": {
					"rotation": {
						"0.0": [55, 0, 0],
						"0.28": [-30, 0, 0],
						"0.68": [55, 0, 0]
					}
				},
				"l2leg": {
					"rotation": {
						"0.0": [-30, 0, 0],
						"0.28": [47.5, 0, 0],
						"0.68": [-30, 0, 0]
					}
				},
				"l2feet": {
					"rotation": {
						"0.0": [0, 0, 0],
						"0.68": [0, 0, 0]
					}
				},
				"r2leg": {
					"rotation": {
						"0.0": [-27.5, 0, 0],
						"0.28": [45, 0, 0],
						"0.68": [-27.5, 0, 0]
					}
				}
			}
		},
		"swim": {
			"animation_length": 1,
			"bones": {
				"l1arm": {
					"rotation": {
						"0.0": [82.5, 0, 0],
						"0.48": [-72.5, 0, 0],
						"1.0": [82.5, 0, 0]
					}
				},
				"r1arm": {
					"rotation": {
						"0.0": [-67.5, 0, 0],
						"0.48": [67.5, 0, 0],
						"1.0": [-67.5, 0, 0]
					}
				},
				"l2leg": {
					"rotation": {
						"0.0": [63.16963, -14.98539, -0.08807],
						"0.48": [105, 0, 0],
						"1.0": [63.16963, -14.98539, -0.08807]
					}
				},
				"r2leg": {
					"rotation": {
						"0.0": [104.55933, 9.99038, -0.03852],
						"0.48": [52.5, 0, 0],
						"1.0": [104.55933, 9.99038, -0.03852]
					}
				},
				"bone": {
					"rotation": {
						"0.0": [0, 0, -2.5],
						"0.24": [0, 0, 2.5],
						"0.48": [0, 0, -2.5],
						"1.0": [0, 0, -2.5]
					},
					"position": [0, -7, 0]
				}
			}
		},
		"dead": {
			"loop": "hold_on_last_frame",
			"animation_length": 0.48,
			"bones": {
				"head": {
					"rotation": {
						"0.16": [0, 0, 0],
						"0.48": [85, 0, 0]
					}
				},
				"l1arm": {
					"rotation": {
						"0.0": [0, 0, 0],
						"0.48": [-72.93512, 10.58927, -30.90686]
					}
				},
				"l1hand": {
					"rotation": {
						"0.0": [0, 0, 0],
						"0.48": [52.5, 0, 0]
					}
				},
				"r1arm": {
					"rotation": {
						"0.0": [0, 0, 0],
						"0.48": [-58.48936, -10.16679, 11.0875]
					}
				},
				"r2hand": {
					"rotation": {
						"0.0": [0, 0, 0],
						"0.48": [27.5, 0, 0]
					}
				},
				"l2leg": {
					"rotation": {
						"0.0": [0, 0, 0],
						"0.48": [80, 0, 0]
					}
				},
				"r2leg": {
					"rotation": {
						"0.0": [0, 0, 0],
						"0.48": [77.5, 0, 0]
					}
				},
				"bone": {
					"rotation": {
						"0.0": [0, 0, 0],
						"0.48": [0, 0, 0]
					},
					"position": {
						"0.0": [0, 0, 0],
						"0.48": [0, -9, 0]
					}
				}
			}
		},
		"hurt": {
			"animation_length": 1.52,
			"bones": {
				"body": {
					"rotation": {
						"0.0": [0, 0, 0],
						"0.44": [-65, 0, 0],
						"0.76": [0, 0, 0],
						"1.12": [-65, 0, 0],
						"1.48": [0, 0, 0]
					}
				},
				"head": {
					"rotation": {
						"0.0": [0, 0, 0],
						"0.44": [32.5, 0, 0],
						"0.96": [0, 0, 0]
					}
				},
				"l1arm": {
					"rotation": {
						"0.0": [0, 0, 0],
						"0.84": [-80, 0, 0],
						"0.96": [0, 0, 0]
					}
				},
				"r1arm": {
					"rotation": {
						"0.0": [0, 0, 0],
						"0.84": [-75, 0, 0],
						"0.96": [0, 0, 0]
					}
				},
				"r2hand": {
					"rotation": {
						"0.0": [0, 0, 0],
						"0.52": [-10, 0, 0],
						"0.96": [0, 0, 0]
					}
				},
				"r2leg": {
					"rotation": {
						"0.0": [0, 0, 0],
						"0.48": [0, 7.5, 0],
						"0.96": [0, 0, 0]
					}
				},
				"l2leg": {
					"rotation": {
						"0.0": [0, 0, 0],
						"0.48": [0, -7.5, 0],
						"0.96": [0, 0, 0]
					}
				}
			}
		}
	}
}