{
	"format_version": "1.8.0",
	"animations": {
		"walk": {
			"animation_length": 0.56,
			"bones": {
				"saddle": {
					"rotation": {
						"0.0": [0, 0, 0],
						"0.24": [0, 0, 1],
						"0.56": [0, 0, 0]
					}
				},
				"neck": {
					"rotation": {
						"0.0": [0, 0, 0],
						"0.24": [-4, 0, 0],
						"0.56": [0, 0, 0]
					}
				},
				"tail": {
					"rotation": {
						"0.0": [0, 0, 0],
						"0.24": [0, 0, -5],
						"0.56": [0, 0, 0]
					}
				},
				"legr1": {
					"rotation": {
						"0.0": [17.5, 0, 0],
						"0.28": [-15, 0, 0],
						"0.56": [17.5, 0, 0]
					}
				},
				"feetr1": {
					"rotation": {
						"0.0": [0, 0, 0],
						"0.28": [-25, 0, 0],
						"0.56": [0, 0, 0]
					}
				},
				"legr2": {
					"rotation": {
						"0.0": [-15, 0, 0],
						"0.28": [10, 0, 0],
						"0.56": [-15, 0, 0]
					},
					"position": {
						"0.0": [0, 1, 0],
						"0.28": [0, 0, 0],
						"0.56": [0, 1, 0]
					}
				},
				"feetr2": {
					"rotation": {
						"0.0": [-2.5, 0, 0],
						"0.24": [10, 0, 0],
						"0.56": [-2.5, 0, 0]
					}
				},
				"legl1": {
					"rotation": {
						"0.0": [-10, 0, 0],
						"0.28": [7.5, 0, 0],
						"0.56": [-10, 0, 0]
					}
				},
				"feetl1": {
					"rotation": {
						"0.0": [-2.5, 0, 0],
						"0.24": [25, 0, 0],
						"0.56": [0, 0, 0]
					}
				},
				"legl2": {
					"rotation": {
						"0.0": [10, 0, 0],
						"0.28": [-10, 0, 0],
						"0.56": [10, 0, 0]
					},
					"position": {
						"0.0": [0, 0, 0],
						"0.28": [0, 1, 0],
						"0.56": [0, 0, 0]
					}
				},
				"feetl2": {
					"rotation": {
						"0.0": [0, 0, 0],
						"0.24": [-15, 0, 0],
						"0.56": [0, 0, 0]
					}
				}
			}
		},
		"dead": {
			"loop": "hold_on_last_frame",
			"animation_length": 1.96,
			"bones": {
				"body": {
					"position": {
						"0.0": [0, 0, 0],
						"0.36": [0, -7, 0],
						"0.56": [0, -6.6, 0],
						"0.68": [0, -7, 0]
					}
				},
				"neck": {
					"rotation": {
						"0.0": [0, 0, 0],
						"0.36": [-50, 0, 0]
					}
				},
				"head": {
					"rotation": {
						"0.0": [0, 0, 0],
						"0.88": [40, 0, 0]
					},
					"position": {
						"0.0": [0, 0, 0],
						"0.36": [0, 0, 0]
					}
				},
				"eye": {
					"position": {
						"0.0": [0, 0, 0],
						"0.36": [0, -0.10467, 1.99726],
						"1.48": [0, -0.1, 2]
					},
					"scale": {
						"0.0": [1, 1, 1],
						"0.36": [1, 1, 1.9]
					}
				},
				"legr1": {
					"rotation": {
						"0.0": [0, 0, 0],
						"0.36": [0, 0, 25]
					}
				},
				"feetr1": {
					"rotation": {
						"0.0": [0, 0, 0],
						"0.36": [0, 0, 35]
					}
				},
				"legr2": {
					"rotation": {
						"0.0": [0, 0, 0],
						"0.36": [0, 0, 30]
					}
				},
				"feetr2": {
					"rotation": {
						"0.0": [0, 0, 0],
						"0.36": [0, 0, 32.5]
					}
				},
				"legl1": {
					"rotation": {
						"0.0": [0, 0, 0],
						"0.36": [0, 0, -35]
					}
				},
				"feetl1": {
					"rotation": {
						"0.0": [0, 0, 0],
						"0.36": [0, 0, -30]
					}
				},
				"legl2": {
					"rotation": {
						"0.0": [0, 0, 0],
						"0.36": [0, 0, -42.5]
					}
				},
				"feetl2": {
					"rotation": {
						"0.0": [0, 0, 0],
						"0.36": [0, 0, -37.5]
					}
				}
			}
		},
		"idle": {
			"loop": true,
			"animation_length": 2.4,
			"bones": {
				"neck": {
					"rotation": {
						"0.0": {
							"vector": [0, 0, 0]
						},
						"1.24": {
							"vector": [0, 0, 0]
						}
					},
					"position": {
						"0.0": {
							"vector": [0, 0, 0]
						},
						"1.24": {
							"vector": [0, 0.3, 0]
						},
						"2.4": {
							"vector": [0, 0, 0]
						}
					}
				},
				"tail": {
					"rotation": {
						"0.0": {
							"vector": [0, 5, 0]
						},
						"1.24": {
							"vector": [0, -10, 0]
						},
						"2.4": {
							"vector": [0, 5, 0]
						}
					}
				}
			}
		},
		"hurt": {
			"animation_length": 0.36,
			"bones": {
				"neck": {
					"rotation": {
						"0.0": [0, 0, 0],
						"0.2": [12.5, 0, 0],
						"0.36": [0, 0, 0]
					},
					"position": [0, 0, 0]
				},
				"tail": {
					"rotation": [0, 5, 0]
				},
				"mouth1": {
					"rotation": {
						"0.0": [0, 0, 0],
						"0.2": [10, 0, 0],
						"0.36": [0, 0, 0]
					}
				},
				"mouth2": {
					"rotation": {
						"0.0": [0, 0, 0],
						"0.2": [-12.5, 0, 0],
						"0.36": [0, 0, 0]
					}
				}
			}
		}
	},
	"geckolib_format_version": 2
}